{"cameraMode":{"drawMode":0,"name":"Shaded","section":"Shading Mode"},"sceneLighting":true,"audioPlay":false,"sceneViewState":{"showFog":true,"showMaterialUpdate":true,"showSkybox":false,"showFlares":true,"showImageEffects":true,"showParticleSystems":true},"in2DMode":false,"pivot":{"x":-1.0999994277954102,"y":0.09000015258789063,"z":1.480001449584961},"rotation":{"x":0.22873535752296449,"y":0.11707080155611038,"z":-0.02772001177072525,"w":0.9660259485244751},"size":52.013484954833987,"orthographic":false}